{
    "status": 200,
    "message": "New Courses Successfully retrieved",
    "data": [
        {
            "class_nid": "128474",
            "class_type": "Ready for Role",
            "class_title": "class 28 dec",
            "course_nid": "128471",
            "course_img": null,
            "course_title": "course 28 dec",
            "course_description": null,
            "course_link": "http://10.144.96.31:8443/course/128471/course-28-dec",
            "course_level": null,
            "course_duration": "0:00:00",
            "publish_date": "28 Dec 2018",
            "course_validity": "NA"
        }
    ]
}