{
    "status": 200,
    "message": "Learning Plan Status successfully retrieved",
    "data": [
        {
            "class_type": "Mandatory",
            "class_id": "170950",
            "status": 100
        },
        {
            "class_type": "Recommended",
            "class_id": "170951",
            "status": 75
        },
        {
            "class_type": "Ready for Role",
            "class_id": "170949",
            "status": 100
        }
    ],
    "iCertifyFlag": "true"
}