{
    "status": 200,
    "message": "New Courses Successfully retrieved",
    "data": [
        {
            "imgname": null,
            "Title": "Oracle Course 1",
            "TitleLink": "https://opignoemployee.bss.dev.jio.com/course/128712/oracle-course-1",
            "Description": null,
            "CourseLevel": null,
            "CourseDuration": "0:00:00",
            "PublishDate": "08-February-2019"
        },
        {
            "imgname": "https://opignoemployee.bss.dev.jio.com/sites/default/files/img-training-courses.jpg",
            "Title": "Test Course 4f",
            "TitleLink": "https://opignoemployee.bss.dev.jio.com/course/128664/test-course-4f",
            "Description": null,
            "CourseLevel": "Champion",
            "CourseDuration": "0:00:00",
            "PublishDate": "04-February-2019"
        },
        {
            "imgname": null,
            "Title": "course 04-02",
            "TitleLink": "https://opignoemployee.bss.dev.jio.com/course/128661/course-04-02",
            "Description": null,
            "CourseLevel": "Advanced",
            "CourseDuration": "0:00:00",
            "PublishDate": "04-February-2019"
        },
        {
            "imgname": "https://opignoemployee.bss.dev.jio.com/sites/default/files/images.jpg",
            "Title": "test course 098",
            "TitleLink": "https://opignoemployee.bss.dev.jio.com/course/128655/test-course-098",
            "Description": null,
            "CourseLevel": "Foundation",
            "CourseDuration": "0:00:00",
            "PublishDate": "04-February-2019"
        },
        {
            "imgname": null,
            "Title": "Dev test course 1",
            "TitleLink": "https://opignoemployee.bss.dev.jio.com/course/128653/dev-test-course-1",
            "Description": null,
            "CourseLevel": "Champion",
            "CourseDuration": "0:00:00",
            "PublishDate": "04-February-2019"
        },
        {
            "imgname": "https://opignoemployee.bss.dev.jio.com/sites/default/files/acim_0.jpg",
            "Title": "demo course 123",
            "TitleLink": "https://opignoemployee.bss.dev.jio.com/course/128645/demo-course-123",
            "Description": null,
            "CourseLevel": "Foundation",
            "CourseDuration": "0:00:00",
            "PublishDate": "04-February-2019"
        },
        {
            "imgname": null,
            "Title": "Course one",
            "TitleLink": "https://opignoemployee.bss.dev.jio.com/course/128605/course-one",
            "Description": null,
            "CourseLevel": "Foundation",
            "CourseDuration": "0:00:00",
            "PublishDate": "22-January-2019"
        },
        {
            "imgname": null,
            "Title": "Latest course",
            "TitleLink": "https://opignoemployee.bss.dev.jio.com/course/128598/latest-course",
            "Description": null,
            "CourseLevel": "Foundation",
            "CourseDuration": "0:00:00",
            "PublishDate": "18-January-2019"
        },
        {
            "imgname": null,
            "Title": "Test course 2",
            "TitleLink": "https://opignoemployee.bss.dev.jio.com/course/128593/test-course-2",
            "Description": null,
            "CourseLevel": "Foundation",
            "CourseDuration": "0:00:00",
            "PublishDate": "18-January-2019"
        },
        {
            "imgname": null,
            "Title": "Test course 1",
            "TitleLink": "https://opignoemployee.bss.dev.jio.com/course/128590/test-course-1",
            "Description": null,
            "CourseLevel": "Foundation",
            "CourseDuration": "0:00:00",
            "PublishDate": "18-January-2019"
        }
    ]
}