{
    "status": 200,
    "message": "Popular Courses Successfully retrieved",
    "data": [
        {
            "imgname": "https://opignoemployee.bss.dev.jio.com/sites/default/files/TestSamplePic.jpg",
            "Title": "Jio Point Training",
            "TitleLink": "https://opignoemployee.bss.dev.jio.com/course/52063/jio-point-training",
            "Description": "This course will give an overview about the product, platform and process relating to Jio Point.",
            "CourseLevel": "Foundation",
            "CourseDuration": "0:00:00",
            "PublishDate": "03-July-2017"
        },
        {
            "imgname": "https://opignoemployee.bss.dev.jio.com/sites/default/files/course.jpg",
            "Title": "Device  Service Manuals Level 2 Repairs ",
            "TitleLink": "https://opignoemployee.bss.dev.jio.com/course/51662/device-service-manuals-level-2-repairs",
            "Description": "This course will help the learner to gain an understanding of Assembly and Disassembly of Devices. (Duration : 230 Minutes 00 seconds).",
            "CourseLevel": "Foundation",
            "CourseDuration": "0:00:00",
            "PublishDate": "04-December-2015"
        },
        {
            "imgname": "https://opignoemployee.bss.dev.jio.com/sites/default/files/courses.png",
            "Title": "Jio Point Store Operations",
            "TitleLink": "https://opignoemployee.bss.dev.jio.com/course/126543/jio-point-store-operations",
            "Description": "This course gives an overview about the Jio Point Store Operation.",
            "CourseLevel": "Champion",
            "CourseDuration": "0:00:00",
            "PublishDate": "18-September-2017"
        },
        {
            "imgname": "https://opignoemployee.bss.dev.jio.com/sites/default/files/Professional-Courses.png",
            "Title": "Device Care - Jio Phone",
            "TitleLink": "https://opignoemployee.bss.dev.jio.com/course/52035/device-care-jio-phone",
            "Description": "This course will help the learner to gain an understanding of Device Description, Troubleshooting Level-1 &amp; Level-2 Repair Process and Spare part Identification of Jio Phone",
            "CourseLevel": "Foundation",
            "CourseDuration": "0:00:00",
            "PublishDate": "27-June-2017"
        },
        {
            "imgname": "https://opignoemployee.bss.dev.jio.com/sites/default/files/acim.jpg",
            "Title": "Device  Service Manual - Level 1 Repairs ",
            "TitleLink": "https://opignoemployee.bss.dev.jio.com/course/51660/device-service-manual-level-1-repairs",
            "Description": "This course will help the learner to gain an understanding of Device Discription, Basic troubleshooting and Level 1 Repair process.",
            "CourseLevel": "Foundation",
            "CourseDuration": "0:00:00",
            "PublishDate": "03-December-2015"
        },
        {
            "imgname": null,
            "Title": "PROD: JioPhone Pre-booking",
            "TitleLink": "https://opignoemployee.bss.dev.jio.com/course/52157/prod-jiophone-pre-booking",
            "Description": "This course gives brief details about the pre-booking proces of JioPhone &amp; also gives brief details about the features of it",
            "CourseLevel": "Foundation",
            "CourseDuration": "0:00:00",
            "PublishDate": "21-August-2017"
        },
        {
            "imgname": null,
            "Title": "Device Care - Service Products ",
            "TitleLink": "https://opignoemployee.bss.dev.jio.com/course/51685/device-care-service-products",
            "Description": "This course will help the learner to gain an understanding of Reconnect Accessory product range and validation of product Warranty.",
            "CourseLevel": "Advanced",
            "CourseDuration": "0:00:00",
            "PublishDate": "15-January-2016"
        },
        {
            "imgname": null,
            "Title": "JioPhone - Product (eLearning)",
            "TitleLink": "https://opignoemployee.bss.dev.jio.com/course/126536/jiophone-product-elearning",
            "Description": "This course gives brief details about the JioPhone &amp; its features",
            "CourseLevel": "Foundation",
            "CourseDuration": "0:00:00",
            "PublishDate": "18-September-2017"
        },
        {
            "imgname": null,
            "Title": "Layer 2 Switches Training",
            "TitleLink": "https://opignoemployee.bss.dev.jio.com/course/126106/layer-2-switches-training",
            "Description": "A Layer 2 switch is basically a multiport transparent bridge, where each switch port is its own Ethernet LAN segment, isolated from the others. Frame forwarding is based completely on the MAC addresses contained in each frame.",
            "CourseLevel": "Champion",
            "CourseDuration": "0:00:00",
            "PublishDate": "13-September-2017"
        },
        {
            "imgname": null,
            "Title": "JCM, MSL, CSL, DSS, and DSL Certification",
            "TitleLink": "https://opignoemployee.bss.dev.jio.com/course/52093/jcm-msl-csl-dss-and-dsl-certification",
            "Description": "This assessment is for JCM, MSL,CSL,CSS and DSL Role Ready. (Duration : 60 Minutes 00 Seconds).",
            "CourseLevel": "Foundation",
            "CourseDuration": "0:00:00",
            "PublishDate": "12-July-2017"
        }
    ]
}