{
    "status": 200,
    "message": "My Team Members are retrieved successfully",
    "data": {
        "TeamCount": 10,
        "TeamMembers": [
            {
                "SlNo": 1,
                "emp_name": "Mr. Abhay Saraf"
            },
            {
                "SlNo": 2,
                "emp_name": "Mr. Himmat Bhatia"
            },
            {
                "SlNo": 3,
                "emp_name": "Mr. Mahesh Patil"
            },
            {
                "SlNo": 4,
                "emp_name": "Mr. Nitesh Shukla"
            },
            {
                "SlNo": 5,
                "emp_name": "Mr. PrabhuKalyan Dash"
            },
            {
                "SlNo": 6,
                "emp_name": "Mr. Saurabh Rawat"
            },
            {
                "SlNo": 7,
                "emp_name": "Mr. Sekhar Paili"
            },
            {
                "SlNo": 8,
                "emp_name": "Mr. Sumeet Chavan"
            },
            {
                "SlNo": 9,
                "emp_name": "Mr. vishal sirsodiya"
            },
            {
                "SlNo": 10,
                "emp_name": "Mr. Yarthesh Acharya"
            }
        ]
    }
}